ID,Name,Email,Phone Number
101,John Doe,johndoe@example.com,9876543210
102,Jane Smith,janesmith@example.com,8765432109
103,Michael Johnson,michaelj@example.com,7654321098
104,Emily Davis,emilyd@example.com,6543210987
105,Robert Brown,robertb@example.com,5432109876
106,Alice Green,alice.green@domain.com,4321098765
107,Bob White,bobwhite@website.com,3210987654
108,Charlie Black,charlieb@example.com,2109876543
109,Diana King,dianak@example.com,1098765432
110,Edward Scott,edwards@example.com,9876543201